Active Commuters,Active Providers,Total Transactions,Active NFT Listings,Average NFT Price,Completed Trips,AMM Pools,AMM Trading Volume,Execution Time
0,4,50,0,0,50,0,0,"{'commuter_decisions': 5.412101745605469e-05, 'provider_offers': 5.078315734863281e-05, 'marketplace_update': 5.245208740234375e-06, 'blockchain_operations': 3.2901763916015625e-05}"
0,4,50,0,0,50,0,0,"{'commuter_decisions': 4.100799560546875e-05, 'provider_offers': 4.5299530029296875e-05, 'marketplace_update': 4.172325134277344e-06, 'blockchain_operations': 2.4437904357910156e-05}"
0,4,50,0,0,50,0,0,"{'commuter_decisions': 4.029273986816406e-05, 'provider_offers': 5.157788594563802e-05, 'marketplace_update': 4.132588704427083e-06, 'blockchain_operations': 2.1298726399739582e-05}"
0,4,50,0,0,50,0,0,"{'commuter_decisions': 3.7550926208496094e-05, 'provider_offers': 4.9591064453125e-05, 'marketplace_update': 3.874301910400391e-06, 'blockchain_operations': 1.9431114196777344e-05}"
0,4,50,0,0,50,0,0,"{'commuter_decisions': 3.54766845703125e-05, 'provider_offers': 4.744529724121094e-05, 'marketplace_update': 3.719329833984375e-06, 'blockchain_operations': 1.850128173828125e-05}"
0,4,50,0,0,50,0,0,"{'commuter_decisions': 3.429253896077474e-05, 'provider_offers': 4.565715789794922e-05, 'marketplace_update': 3.4570693969726562e-06, 'blockchain_operations': 1.7881393432617188e-05}"
0,4,50,0,0,50,0,0,"{'commuter_decisions': 3.324236188616071e-05, 'provider_offers': 4.458427429199219e-05, 'marketplace_update': 3.235680716378348e-06, 'blockchain_operations': 1.7336436680385043e-05}"
1,4,50,0,0,50,0,0,"{'commuter_decisions': 0.000488579273223877, 'provider_offers': 4.652142524719238e-05, 'marketplace_update': 3.4570693969726562e-06, 'blockchain_operations': 1.6927719116210938e-05}"
1,4,50,0,0,50,0,0,"{'commuter_decisions': 0.0004394054412841797, 'provider_offers': 4.7471788194444445e-05, 'marketplace_update': 3.735224405924479e-06, 'blockchain_operations': 0.008427699406941732}"
1,4,52,0,0,52,0,0,"{'commuter_decisions': 0.0004012823104858398, 'provider_offers': 5.130767822265625e-05, 'marketplace_update': 3.743171691894531e-06, 'blockchain_operations': 0.007592630386352539}"
3,4,52,0,0,52,0,0,"{'commuter_decisions': 0.0008785074407404119, 'provider_offers': 5.507469177246094e-05, 'marketplace_update': 3.966418179598722e-06, 'blockchain_operations': 0.006903821771795099}"
3,4,52,0,0,52,0,0,"{'commuter_decisions': 0.0008086164792378744, 'provider_offers': 5.7578086853027344e-05, 'marketplace_update': 4.0531158447265625e-06, 'blockchain_operations': 0.019771099090576172}"
3,4,56,0,0,56,0,0,"{'commuter_decisions': 0.0007492762345534104, 'provider_offers': 6.0906777015099157e-05, 'marketplace_update': 4.0531158447265625e-06, 'blockchain_operations': 0.018252079303448018}"
3,4,56,0,0,56,0,0,"{'commuter_decisions': 0.0006976638521466937, 'provider_offers': 6.285735539027623e-05, 'marketplace_update': 3.984996250697545e-06, 'blockchain_operations': 0.016949483326503208}"
3,4,56,0,0,56,0,0,"{'commuter_decisions': 0.0006529649098714192, 'provider_offers': 6.378491719563803e-05, 'marketplace_update': 3.862380981445312e-06, 'blockchain_operations': 0.01582050323486328}"
3,4,56,0,0,56,0,0,"{'commuter_decisions': 0.0006138235330581665, 'provider_offers': 6.461143493652344e-05, 'marketplace_update': 3.7550926208496094e-06, 'blockchain_operations': 0.014832720160484314}"
4,4,56,0,0,56,0,0,"{'commuter_decisions': 0.0007136148564955767, 'provider_offers': 6.722001468434053e-05, 'marketplace_update': 3.7585987764246326e-06, 'blockchain_operations': 0.013961385278140797}"
4,4,56,0,0,56,0,0,"{'commuter_decisions': 0.0006762080722384983, 'provider_offers': 6.998909844292534e-05, 'marketplace_update': 4.106097751193576e-06, 'blockchain_operations': 0.01863220002916124}"
4,4,58,0,0,58,0,0,"{'commuter_decisions': 0.0006422996520996094, 'provider_offers': 7.099854318719161e-05, 'marketplace_update': 4.040567498458059e-06, 'blockchain_operations': 0.017652611983449834}"
4,4,58,0,0,58,0,0,"{'commuter_decisions': 0.0006115913391113281, 'provider_offers': 7.148981094360352e-05, 'marketplace_update': 3.9458274841308595e-06, 'blockchain_operations': 0.016770780086517334}"
4,4,58,0,0,58,0,0,"{'commuter_decisions': 0.0005838984534853981, 'provider_offers': 7.17072259812128e-05, 'marketplace_update': 3.848757062639509e-06, 'blockchain_operations': 0.015972966239565893}"
5,4,58,0,0,58,0,0,"{'commuter_decisions': 0.0006536353718150746, 'provider_offers': 7.25334340875799e-05, 'marketplace_update': 3.7605112249200996e-06, 'blockchain_operations': 0.015247691761363636}"
5,4,58,0,0,58,0,0,"{'commuter_decisions': 0.0006270408630371094, 'provider_offers': 7.421037425165591e-05, 'marketplace_update': 3.814697265625e-06, 'blockchain_operations': 0.017692576283993927}"
7,4,60,0,0,60,0,0,"{'commuter_decisions': 0.0008153418699900309, 'provider_offers': 7.698933283487956e-05, 'marketplace_update': 3.824631373087565e-06, 'blockchain_operations': 0.016956329345703125}"
7,4,60,0,0,60,0,0,"{'commuter_decisions': 0.0007842540740966797, 'provider_offers': 7.863044738769532e-05, 'marketplace_update': 3.843307495117188e-06, 'blockchain_operations': 0.021862630844116212}"
7,4,64,0,0,64,0,0,"{'commuter_decisions': 0.0007552458689762995, 'provider_offers': 8.091559776893028e-05, 'marketplace_update': 3.814697265625e-06, 'blockchain_operations': 0.021022521532498874}"
7,4,64,0,0,64,0,0,"{'commuter_decisions': 0.0007282274740713614, 'provider_offers': 8.236920392071759e-05, 'marketplace_update': 3.788206312391493e-06, 'blockchain_operations': 0.02024454540676541}"
8,4,64,0,0,64,0,0,"{'commuter_decisions': 0.0007792881556919643, 'provider_offers': 8.479186466761998e-05, 'marketplace_update': 3.7550926208496094e-06, 'blockchain_operations': 0.019522173064095632}"
8,4,64,0,0,64,0,0,"{'commuter_decisions': 0.0007538959897797683, 'provider_offers': 8.749139719995959e-05, 'marketplace_update': 3.765369283741918e-06, 'blockchain_operations': 0.02126210311363483}"
8,4,66,0,0,66,0,0,"{'commuter_decisions': 0.0007301648457845052, 'provider_offers': 8.960564931233724e-05, 'marketplace_update': 3.7749608357747397e-06, 'blockchain_operations': 0.020556004842122395}"
8,4,66,0,0,66,0,0,"{'commuter_decisions': 0.000707449451569588, 'provider_offers': 9.068366019956528e-05, 'marketplace_update': 3.753169890372984e-06, 'blockchain_operations': 0.01989352318548387}"
8,4,66,0,0,66,0,0,"{'commuter_decisions': 0.000686153769493103, 'provider_offers': 9.153783321380615e-05, 'marketplace_update': 3.6656856536865234e-06, 'blockchain_operations': 0.01927237957715988}"
9,4,66,0,0,66,0,0,"{'commuter_decisions': 0.0007309118906656901, 'provider_offers': 9.34600830078125e-05, 'marketplace_update': 3.648526740796638e-06, 'blockchain_operations': 0.018688881036007042}"
9,4,66,0,0,66,0,0,"{'commuter_decisions': 0.0007107959074132583, 'provider_offers': 9.644732755773207e-05, 'marketplace_update': 3.7165249095243565e-06, 'blockchain_operations': 0.020252704620361328}"
9,4,68,0,0,68,0,0,"{'commuter_decisions': 0.0006917408534458705, 'provider_offers': 9.794916425432478e-05, 'marketplace_update': 3.6988939557756696e-06, 'blockchain_operations': 0.01967534337724958}"
12,4,68,0,0,68,0,0,"{'commuter_decisions': 0.002031723658243815, 'provider_offers': 0.00010085768169826931, 'marketplace_update': 3.6822424994574653e-06, 'blockchain_operations': 0.019129282898373075}"
13,4,68,0,0,68,0,0,"{'commuter_decisions': 0.0022115965147276183, 'provider_offers': 0.00017032107791385134, 'marketplace_update': 3.7180410849081504e-06, 'blockchain_operations': 0.028257518201260955}"
14,4,85,0,0,85,0,0,"{'commuter_decisions': 0.00288839716660349, 'provider_offers': 0.000171736667030736, 'marketplace_update': 3.745681361148232e-06, 'blockchain_operations': 0.027514714943735225}"
16,4,86,0,0,86,0,0,"{'commuter_decisions': 0.0029663917345878407, 'provider_offers': 0.00017328140063163562, 'marketplace_update': 3.747450999724559e-06, 'blockchain_operations': 0.028639720036433294}"
19,4,88,0,0,88,0,0,"{'commuter_decisions': 0.0031149089336395264, 'provider_offers': 0.0001745760440826416, 'marketplace_update': 3.7491321563720702e-06, 'blockchain_operations': 0.03211594820022583}"
23,4,98,0,0,98,0,0,"{'commuter_decisions': 0.007177765776471394, 'provider_offers': 0.0001762901864400724, 'marketplace_update': 3.7798067418540396e-06, 'blockchain_operations': 0.03133351046864579}"
25,4,102,0,0,102,0,0,"{'commuter_decisions': 0.007817274048214867, 'provider_offers': 0.0001776388713291713, 'marketplace_update': 3.826050531296503e-06, 'blockchain_operations': 0.03772964364006406}"
26,4,120,0,0,120,0,0,"{'commuter_decisions': 0.00768598290376885, 'provider_offers': 0.00017879175585369732, 'marketplace_update': 3.825786501862282e-06, 'blockchain_operations': 0.03685312492902889}"
27,4,120,0,0,120,0,0,"{'commuter_decisions': 0.007567167282104492, 'provider_offers': 0.00018032030625776812, 'marketplace_update': 3.84720889004794e-06, 'blockchain_operations': 0.0377625281160528}"
27,4,122,0,0,122,0,0,"{'commuter_decisions': 0.007399940490722656, 'provider_offers': 0.0001816007826063368, 'marketplace_update': 3.85178460015191e-06, 'blockchain_operations': 0.03858374489678277}"
27,4,124,0,0,124,0,0,"{'commuter_decisions': 0.007239657899607782, 'provider_offers': 0.00018230210179867953, 'marketplace_update': 3.835429315981657e-06, 'blockchain_operations': 0.03774562607640806}"
27,4,124,0,0,124,0,0,"{'commuter_decisions': 0.007086023371270362, 'provider_offers': 0.00018256775876309008, 'marketplace_update': 3.7994790584483043e-06, 'blockchain_operations': 0.03694301463188009}"
27,4,124,0,0,124,0,0,"{'commuter_decisions': 0.0069387902816136675, 'provider_offers': 0.00018274287382761636, 'marketplace_update': 3.7650267283121743e-06, 'blockchain_operations': 0.036173850297927856}"
27,4,124,0,0,124,0,0,"{'commuter_decisions': 0.0067975715715058, 'provider_offers': 0.00018296922956194197, 'marketplace_update': 3.7076521892936864e-06, 'blockchain_operations': 0.03543607556090063}"
29,4,124,0,0,124,0,0,"{'commuter_decisions': 0.006779336929321289, 'provider_offers': 0.00018401145935058593, 'marketplace_update': 3.7145614624023438e-06, 'blockchain_operations': 0.03472781658172607}"
29,4,128,0,0,128,0,0,"{'commuter_decisions': 0.006646983763750862, 'provider_offers': 0.00018512501436121324, 'marketplace_update': 3.7445741541245403e-06, 'blockchain_operations': 0.03404748673532523}"
29,4,128,0,0,128,0,0,"{'commuter_decisions': 0.0065195606305049015, 'provider_offers': 0.0001855309192950909, 'marketplace_update': 3.727582784799429e-06, 'blockchain_operations': 0.033393263816833496}"
30,4,128,0,0,128,0,0,"{'commuter_decisions': 0.007228846819895618, 'provider_offers': 0.00018683019674049233, 'marketplace_update': 3.7517187730321346e-06, 'blockchain_operations': 0.032763656580223226}"
31,4,128,0,0,128,0,0,"{'commuter_decisions': 0.007257148071571633, 'provider_offers': 0.00024329732965540002, 'marketplace_update': 3.7528850414134837e-06, 'blockchain_operations': 0.03386051566512496}"
32,4,131,0,0,131,0,0,"{'commuter_decisions': 0.007302566008134322, 'provider_offers': 0.0002434903925115412, 'marketplace_update': 3.7583437832919034e-06, 'blockchain_operations': 0.03324555917219682}"
32,4,131,0,0,131,0,0,"{'commuter_decisions': 0.007172801664897374, 'provider_offers': 0.0002430762563432966, 'marketplace_update': 3.759350095476423e-06, 'blockchain_operations': 0.03606915473937988}"
34,4,138,0,0,138,0,0,"{'commuter_decisions': 0.007631297697100723, 'provider_offers': 0.00024330406858209978, 'marketplace_update': 3.760321098461486e-06, 'blockchain_operations': 0.035437065258360746}"
35,4,139,0,0,139,0,0,"{'commuter_decisions': 0.007588296101011079, 'provider_offers': 0.0002430718520591999, 'marketplace_update': 3.765369283741918e-06, 'blockchain_operations': 0.034827183032857964}"
35,4,139,0,0,139,0,0,"{'commuter_decisions': 0.007460311307745464, 'provider_offers': 0.00024281922033277608, 'marketplace_update': 3.7823693226959747e-06, 'blockchain_operations': 0.03694698770167464}"
35,4,148,0,0,148,0,0,"{'commuter_decisions': 0.00733652114868164, 'provider_offers': 0.00024255514144897461, 'marketplace_update': 3.8027763366699217e-06, 'blockchain_operations': 0.03633180856704712}"
35,4,148,0,0,148,0,0,"{'commuter_decisions': 0.007216695879326492, 'provider_offers': 0.00024239743342165088, 'marketplace_update': 3.818605766921747e-06, 'blockchain_operations': 0.035736893044143424}"
36,4,148,0,0,148,0,0,"{'commuter_decisions': 0.007592908797725555, 'provider_offers': 0.00024314849607406125, 'marketplace_update': 3.856997336110761e-06, 'blockchain_operations': 0.03516094530782392}"
36,4,149,0,0,149,0,0,"{'commuter_decisions': 0.007473007081046937, 'provider_offers': 0.00024328913007463728, 'marketplace_update': 3.875248015873016e-06, 'blockchain_operations': 0.03581672623043969}"
36,4,151,0,0,151,0,0,"{'commuter_decisions': 0.007356580346822739, 'provider_offers': 0.0002428293228149414, 'marketplace_update': 3.863126039505005e-06, 'blockchain_operations': 0.035257671028375626}"
36,4,151,0,0,151,0,0,"{'commuter_decisions': 0.007243677286001352, 'provider_offers': 0.00024238733144906852, 'marketplace_update': 3.866048959585336e-06, 'blockchain_operations': 0.03471567447368915}"
36,4,151,0,0,151,0,0,"{'commuter_decisions': 0.007134181080442487, 'provider_offers': 0.00024180701284697562, 'marketplace_update': 3.83998408462062e-06, 'blockchain_operations': 0.03419008399500991}"
36,4,151,0,0,151,0,0,"{'commuter_decisions': 0.007027956976819395, 'provider_offers': 0.00024131518691333372, 'marketplace_update': 3.814697265625e-06, 'blockchain_operations': 0.033680186342837204}"
36,4,151,0,0,151,0,0,"{'commuter_decisions': 0.006924836074604708, 'provider_offers': 0.00024079575258142809, 'marketplace_update': 3.7726233987247244e-06, 'blockchain_operations': 0.03318527165581198}"
36,4,151,0,0,151,0,0,"{'commuter_decisions': 0.006824721460757049, 'provider_offers': 0.0002402913743171139, 'marketplace_update': 3.745590431102808e-06, 'blockchain_operations': 0.0327047195987425}"
36,4,151,0,0,151,0,0,"{'commuter_decisions': 0.006727467264447893, 'provider_offers': 0.00023978778294154576, 'marketplace_update': 3.719329833984375e-06, 'blockchain_operations': 0.03223789419446673}"
36,4,151,0,0,151,0,0,"{'commuter_decisions': 0.006632955980972505, 'provider_offers': 0.00023942598154847052, 'marketplace_update': 3.6904509638396788e-06, 'blockchain_operations': 0.03178420536954638}"
37,4,151,0,0,151,0,0,"{'commuter_decisions': 0.006580342849095662, 'provider_offers': 0.00023946166038513184, 'marketplace_update': 3.6822424994574653e-06, 'blockchain_operations': 0.0313431355688307}"
37,4,151,0,0,151,0,0,"{'commuter_decisions': 0.00649076618560373, 'provider_offers': 0.00023967599215572827, 'marketplace_update': 3.6971209800406678e-06, 'blockchain_operations': 0.03196050042975439}"
38,4,153,0,0,153,0,0,"{'commuter_decisions': 0.006432053205129263, 'provider_offers': 0.00023959778450630806, 'marketplace_update': 3.6890442306930956e-06, 'blockchain_operations': 0.03152902061874802}"
39,4,153,0,0,153,0,0,"{'commuter_decisions': 0.006380707422892253, 'provider_offers': 0.0002396710713704427, 'marketplace_update': 3.7066141764322917e-06, 'blockchain_operations': 0.03212053934733073}"
39,4,155,0,0,155,0,0,"{'commuter_decisions': 0.0062970142615468875, 'provider_offers': 0.0002395949865642347, 'marketplace_update': 3.6986250626413447e-06, 'blockchain_operations': 0.03169830849296168}"
39,4,155,0,0,155,0,0,"{'commuter_decisions': 0.006215445407025226, 'provider_offers': 0.00024063865859787185, 'marketplace_update': 3.675361732383827e-06, 'blockchain_operations': 0.031287004421283675}"
39,4,155,0,0,155,0,0,"{'commuter_decisions': 0.006135977231539213, 'provider_offers': 0.00024018226525722406, 'marketplace_update': 3.6526948977739385e-06, 'blockchain_operations': 0.030886246607853815}"
39,4,155,0,0,155,0,0,"{'commuter_decisions': 0.006058545052250729, 'provider_offers': 0.0002395865283434904, 'marketplace_update': 3.6306019070782238e-06, 'blockchain_operations': 0.030496026896223237}"
39,4,155,0,0,155,0,0,"{'commuter_decisions': 0.005983027815818787, 'provider_offers': 0.0002394139766693115, 'marketplace_update': 3.612041473388672e-06, 'blockchain_operations': 0.030115261673927307}"
39,4,155,0,0,155,0,0,"{'commuter_decisions': 0.005909460562246817, 'provider_offers': 0.00023926334616578655, 'marketplace_update': 3.5880524435161073e-06, 'blockchain_operations': 0.029743948100525656}"
39,4,155,0,0,155,0,0,"{'commuter_decisions': 0.005837600405623273, 'provider_offers': 0.00023890704643435593, 'marketplace_update': 3.5704635992282776e-06, 'blockchain_operations': 0.029381545578561177}"
39,4,155,0,0,155,0,0,"{'commuter_decisions': 0.005767457456473845, 'provider_offers': 0.00023851337203060287, 'marketplace_update': 3.53893601750753e-06, 'blockchain_operations': 0.029027890010052418}"
40,4,155,0,0,155,0,0,"{'commuter_decisions': 0.0073964766093662804, 'provider_offers': 0.00023950565428960892, 'marketplace_update': 3.56776373726981e-06, 'blockchain_operations': 0.02868265197390602}"
40,4,159,0,0,159,0,0,"{'commuter_decisions': 0.007309952904196347, 'provider_offers': 0.00023978177238913144, 'marketplace_update': 3.5846934599034926e-06, 'blockchain_operations': 0.03266477584838867}"
41,4,169,0,0,169,0,0,"{'commuter_decisions': 0.007253347441207531, 'provider_offers': 0.00024027325386224792, 'marketplace_update': 3.6012294680573218e-06, 'blockchain_operations': 0.03228539367054784}"
41,4,169,0,0,169,0,0,"{'commuter_decisions': 0.007170436026036054, 'provider_offers': 0.00024059175074785604, 'marketplace_update': 3.6146448946547235e-06, 'blockchain_operations': 0.033092446710871554}"
41,4,171,0,0,171,0,0,"{'commuter_decisions': 0.007089216600764881, 'provider_offers': 0.00024042346260764381, 'marketplace_update': 3.622336821122603e-06, 'blockchain_operations': 0.03271683779629794}"
41,4,171,0,0,171,0,0,"{'commuter_decisions': 0.007010200050439727, 'provider_offers': 0.00024076793970686665, 'marketplace_update': 3.627177034870962e-06, 'blockchain_operations': 0.032349640064025194}"
41,4,171,0,0,171,0,0,"{'commuter_decisions': 0.006932552655537923, 'provider_offers': 0.00024065706464979384, 'marketplace_update': 3.6107169257269964e-06, 'blockchain_operations': 0.031990665859646265}"
41,4,171,0,0,171,0,0,"{'commuter_decisions': 0.006856538437225007, 'provider_offers': 0.00024056172632909084, 'marketplace_update': 3.602478530380752e-06, 'blockchain_operations': 0.03163945019900144}"
41,4,171,0,0,171,0,0,"{'commuter_decisions': 0.006782174110412598, 'provider_offers': 0.00024034925129102624, 'marketplace_update': 3.584053205407184e-06, 'blockchain_operations': 0.03129586966141411}"
41,4,171,0,0,171,0,0,"{'commuter_decisions': 0.0067094115800755, 'provider_offers': 0.00024007469095209595, 'marketplace_update': 3.5685877646169353e-06, 'blockchain_operations': 0.030959675388951457}"
41,4,171,0,0,171,0,0,"{'commuter_decisions': 0.006638194652313882, 'provider_offers': 0.00023987191788693693, 'marketplace_update': 3.553451375758394e-06, 'blockchain_operations': 0.03063062657701208}"
41,4,171,0,0,171,0,0,"{'commuter_decisions': 0.006568477028294614, 'provider_offers': 0.00023963325902035361, 'marketplace_update': 3.526085301449424e-06, 'blockchain_operations': 0.030308515147158974}"
41,4,171,0,0,171,0,0,"{'commuter_decisions': 0.006500209371248881, 'provider_offers': 0.0002394715944925944, 'marketplace_update': 3.5216410954793296e-06, 'blockchain_operations': 0.02999311437209447}"
41,4,171,0,0,171,0,0,"{'commuter_decisions': 0.006433349294760793, 'provider_offers': 0.00023921986216122342, 'marketplace_update': 3.50745682863845e-06, 'blockchain_operations': 0.02968422653748817}"
41,4,171,0,0,171,0,0,"{'commuter_decisions': 0.006367856142472247, 'provider_offers': 0.0002393089995092275, 'marketplace_update': 3.491129193987165e-06, 'blockchain_operations': 0.029381630372027963}"
41,4,171,0,0,171,0,0,"{'commuter_decisions': 0.006303683675900854, 'provider_offers': 0.00023921812423551925, 'marketplace_update': 3.4751314105409565e-06, 'blockchain_operations': 0.029085149668683908}"
41,4,171,0,0,171,0,0,"{'commuter_decisions': 0.0062407970428466795, 'provider_offers': 0.0002391362190246582, 'marketplace_update': 3.459453582763672e-06, 'blockchain_operations': 0.02879459857940674}"
41,4,171,0,0,171,0,0,"{'commuter_decisions': 0.006179214704154742, 'provider_offers': 0.0002389284643796411, 'marketplace_update': 3.4370044670482674e-06, 'blockchain_operations': 0.028509919006045503}"
41,4,171,0,0,171,0,0,"{'commuter_decisions': 0.00611878142637365, 'provider_offers': 0.00023865466024361405, 'marketplace_update': 3.4220078412224266e-06, 'blockchain_operations': 0.028230704513250614}"
42,4,171,0,0,171,0,0,"{'commuter_decisions': 0.006092210417812311, 'provider_offers': 0.0002386593124241505, 'marketplace_update': 3.4258203599059468e-06, 'blockchain_operations': 0.02795690934634903}"
42,4,171,0,0,171,0,0,"{'commuter_decisions': 0.006033977636924157, 'provider_offers': 0.00023956711475665754, 'marketplace_update': 3.4410219926100512e-06, 'blockchain_operations': 0.028147332943402804}"
42,4,172,0,0,172,0,0,"{'commuter_decisions': 0.0059766723996117, 'provider_offers': 0.00023947670346214658, 'marketplace_update': 3.4354981921968007e-06, 'blockchain_operations': 0.02787956737336658}"
43,4,172,0,0,172,0,0,"{'commuter_decisions': 0.005943242109046792, 'provider_offers': 0.0002395679365913823, 'marketplace_update': 3.4323278463111734e-06, 'blockchain_operations': 0.027616835990042058}"
43,4,172,0,0,172,0,0,"{'commuter_decisions': 0.005888054304033797, 'provider_offers': 0.00023978670066762193, 'marketplace_update': 3.4470424473842727e-06, 'blockchain_operations': 0.028072299244247863}"
43,4,174,0,0,174,0,0,"{'commuter_decisions': 0.005833703058737295, 'provider_offers': 0.00023982701478181062, 'marketplace_update': 3.441616340919777e-06, 'blockchain_operations': 0.027812684023821796}"
43,4,174,0,0,174,0,0,"{'commuter_decisions': 0.0057803097121212465, 'provider_offers': 0.00023968285376872492, 'marketplace_update': 3.429727816800459e-06, 'blockchain_operations': 0.027557806137504928}"
45,4,174,0,0,174,0,0,"{'commuter_decisions': 0.005781923640858043, 'provider_offers': 0.00023994879289106888, 'marketplace_update': 3.426725214177912e-06, 'blockchain_operations': 0.02730756239457564}"
46,4,178,0,0,178,0,0,"{'commuter_decisions': 0.005752958692945876, 'provider_offers': 0.0002401111362216709, 'marketplace_update': 3.4323683730116834e-06, 'blockchain_operations': 0.02706189198536916}"
47,4,178,0,0,178,0,0,"{'commuter_decisions': 0.005723406161580767, 'provider_offers': 0.00024046642439705984, 'marketplace_update': 3.4357820238385884e-06, 'blockchain_operations': 0.02751743793487549}"
47,4,180,0,0,180,0,0,"{'commuter_decisions': 0.005673100463056986, 'provider_offers': 0.000240779556004347, 'marketplace_update': 3.4517946496474005e-06, 'blockchain_operations': 0.027938912400102194}"
47,4,182,0,0,182,0,0,"{'commuter_decisions': 0.0056234849126715405, 'provider_offers': 0.00024074838872541462, 'marketplace_update': 3.4570693969726562e-06, 'blockchain_operations': 0.027694131198682283}"
47,4,182,0,0,182,0,0,"{'commuter_decisions': 0.005574696996937628, 'provider_offers': 0.00024061203002929689, 'marketplace_update': 3.4435935642408287e-06, 'blockchain_operations': 0.027453582183174466}"
47,4,182,0,0,182,0,0,"{'commuter_decisions': 0.0055267523074972215, 'provider_offers': 0.00024050268633612272, 'marketplace_update': 3.4303500734526534e-06, 'blockchain_operations': 0.027217180564485747}"
47,4,182,0,0,182,0,0,"{'commuter_decisions': 0.005479627185397678, 'provider_offers': 0.00024036260751577525, 'marketplace_update': 3.417332967122396e-06, 'blockchain_operations': 0.026984828150170483}"
47,4,182,0,0,182,0,0,"{'commuter_decisions': 0.005433298773684744, 'provider_offers': 0.00024019863645909195, 'marketplace_update': 3.406556986146054e-06, 'blockchain_operations': 0.0267564058303833}"
47,4,182,0,0,182,0,0,"{'commuter_decisions': 0.0053877489907400945, 'provider_offers': 0.00024003742121848738, 'marketplace_update': 3.3939585966222424e-06, 'blockchain_operations': 0.02653182454469825}"
47,4,182,0,0,182,0,0,"{'commuter_decisions': 0.005342956384023031, 'provider_offers': 0.00023988087972005208, 'marketplace_update': 3.3835570017496744e-06, 'blockchain_operations': 0.0263109823067983}"
47,4,182,0,0,182,0,0,"{'commuter_decisions': 0.005298955381409196, 'provider_offers': 0.00023968357685183692, 'marketplace_update': 3.3713569325849043e-06, 'blockchain_operations': 0.026093892814699284}"
48,4,182,0,0,182,0,0,"{'commuter_decisions': 0.005278249255946425, 'provider_offers': 0.0002400386528890641, 'marketplace_update': 3.374990869740971e-06, 'blockchain_operations': 0.02588026249994997}"
48,4,182,0,0,182,0,0,"{'commuter_decisions': 0.0052356390449089735, 'provider_offers': 0.00024028909884817233, 'marketplace_update': 3.3901958930783154e-06, 'blockchain_operations': 0.026290226758010987}"
48,4,184,0,0,184,0,0,"{'commuter_decisions': 0.005193610345163653, 'provider_offers': 0.00024022979121054373, 'marketplace_update': 3.384005638860887e-06, 'blockchain_operations': 0.026078539509927074}"
48,4,184,0,0,184,0,0,"{'commuter_decisions': 0.0051521663665771485, 'provider_offers': 0.0002400989532470703, 'marketplace_update': 3.3740997314453123e-06, 'blockchain_operations': 0.025870166778564452}"
48,4,184,0,0,184,0,0,"{'commuter_decisions': 0.005111380228920589, 'provider_offers': 0.00023991531795925565, 'marketplace_update': 3.3624588497101314e-06, 'blockchain_operations': 0.025665093982030474}"
48,4,184,0,0,184,0,0,"{'commuter_decisions': 0.005071228883397861, 'provider_offers': 0.00023978901660348485, 'marketplace_update': 3.352878600593627e-06, 'blockchain_operations': 0.0254632506783553}"
48,4,184,0,0,184,0,0,"{'commuter_decisions': 0.005031712353229523, 'provider_offers': 0.00023964233696460724, 'marketplace_update': 3.341585397720337e-06, 'blockchain_operations': 0.02526456117630005}"
48,4,184,0,0,184,0,0,"{'commuter_decisions': 0.004992808482443639, 'provider_offers': 0.00023953674375548842, 'marketplace_update': 3.337860107421875e-06, 'blockchain_operations': 0.025068952131641002}"
48,4,184,0,0,184,0,0,"{'commuter_decisions': 0.00495453247657189, 'provider_offers': 0.0002393795893742488, 'marketplace_update': 3.325022183931791e-06, 'blockchain_operations': 0.02487639097067026}"
48,4,184,0,0,184,0,0,"{'commuter_decisions': 0.0049168117173755445, 'provider_offers': 0.00023923029426399988, 'marketplace_update': 3.3160202375805104e-06, 'blockchain_operations': 0.024686731454980283}"
48,4,184,0,0,184,0,0,"{'commuter_decisions': 0.004879660678632332, 'provider_offers': 0.0002390922922076601, 'marketplace_update': 3.314379489783085e-06, 'blockchain_operations': 0.02449994556831591}"
48,4,184,0,0,184,0,0,"{'commuter_decisions': 0.004843068302125859, 'provider_offers': 0.00023905495951946518, 'marketplace_update': 3.310970793989368e-06, 'blockchain_operations': 0.02431599179604896}"
48,4,184,0,0,184,0,0,"{'commuter_decisions': 0.004807023859735745, 'provider_offers': 0.00023907156132940035, 'marketplace_update': 3.298716758614156e-06, 'blockchain_operations': 0.024134767589284414}"
48,4,184,0,0,184,0,0,"{'commuter_decisions': 0.004771513409084744, 'provider_offers': 0.00023932103757505065, 'marketplace_update': 3.2972406457971642e-06, 'blockchain_operations': 0.023956272337171767}"
48,4,184,0,0,184,0,0,"{'commuter_decisions': 0.004736561985576854, 'provider_offers': 0.0002392898587619557, 'marketplace_update': 3.294033162734088e-06, 'blockchain_operations': 0.023780409027548396}"
48,4,184,0,0,184,0,0,"{'commuter_decisions': 0.004702077294788221, 'provider_offers': 0.00023922084891883126, 'marketplace_update': 3.2856516594434305e-06, 'blockchain_operations': 0.023607055636217993}"
48,4,184,0,0,184,0,0,"{'commuter_decisions': 0.00466809238212696, 'provider_offers': 0.00023907336635866028, 'marketplace_update': 3.2756639563519023e-06, 'blockchain_operations': 0.02343622152356134}"
48,4,184,0,0,184,0,0,"{'commuter_decisions': 0.0046346016067395105, 'provider_offers': 0.00023892800584971477, 'marketplace_update': 3.2589589949134443e-06, 'blockchain_operations': 0.023267838594724807}"
48,4,184,0,0,184,0,0,"{'commuter_decisions': 0.0046015892710004535, 'provider_offers': 0.00023879834583827428, 'marketplace_update': 3.2510076250348773e-06, 'blockchain_operations': 0.023101861136300222}"
48,4,184,0,0,184,0,0,"{'commuter_decisions': 0.004569075631757154, 'provider_offers': 0.0002387770524261691, 'marketplace_update': 3.241478128636137e-06, 'blockchain_operations': 0.022938330968221027}"
48,4,184,0,0,184,0,0,"{'commuter_decisions': 0.004536991388025418, 'provider_offers': 0.00023867210871736768, 'marketplace_update': 3.232082850496534e-06, 'blockchain_operations': 0.02277707381987236}"
48,4,184,0,0,184,0,0,"{'commuter_decisions': 0.004505355874975244, 'provider_offers': 0.00023838189932016225, 'marketplace_update': 3.2211517120574737e-06, 'blockchain_operations': 0.022618030334686064}"
48,4,184,0,0,184,0,0,"{'commuter_decisions': 0.004474159744050767, 'provider_offers': 0.00023826791180504693, 'marketplace_update': 3.213683764139811e-06, 'blockchain_operations': 0.022461174262894526}"
48,4,184,0,0,184,0,0,"{'commuter_decisions': 0.004443393904587319, 'provider_offers': 0.00023827223942197602, 'marketplace_update': 3.204674556337554e-06, 'blockchain_operations': 0.022306483367393756}"
48,4,184,0,0,184,0,0,"{'commuter_decisions': 0.004413047881975566, 'provider_offers': 0.00023812790439553457, 'marketplace_update': 3.1892567464750107e-06, 'blockchain_operations': 0.022153919690275845}"
48,4,184,0,0,184,0,0,"{'commuter_decisions': 0.004383109864734468, 'provider_offers': 0.00023809257818728076, 'marketplace_update': 3.1740487027330463e-06, 'blockchain_operations': 0.022003423599969773}"
48,4,184,0,0,184,0,0,"{'commuter_decisions': 0.004353582859039307, 'provider_offers': 0.00023804484186945734, 'marketplace_update': 3.159046173095703e-06, 'blockchain_operations': 0.02185496124061378}"
48,4,184,0,0,184,0,0,"{'commuter_decisions': 0.004324445788492292, 'provider_offers': 0.00023831297087189334, 'marketplace_update': 3.1586461419227138e-06, 'blockchain_operations': 0.02170850446560239}"
48,4,184,0,0,184,0,0,"{'commuter_decisions': 0.0042957035700480145, 'provider_offers': 0.0002381102244059245, 'marketplace_update': 3.1503041585286457e-06, 'blockchain_operations': 0.02156399408976237}"
48,4,184,0,0,184,0,0,"{'commuter_decisions': 0.004267348358962709, 'provider_offers': 0.00023787858470386227, 'marketplace_update': 3.142072664980857e-06, 'blockchain_operations': 0.02142165038759345}"
48,4,184,0,0,184,0,0,"{'commuter_decisions': 0.004239358400043689, 'provider_offers': 0.00023770018627769068, 'marketplace_update': 3.141792196976511e-06, 'blockchain_operations': 0.021280936504665175}"
48,4,184,0,0,184,0,0,"{'commuter_decisions': 0.0042117483475629025, 'provider_offers': 0.0002376378751268574, 'marketplace_update': 3.132165647020527e-06, 'blockchain_operations': 0.021142054227442524}"
48,4,184,0,0,184,0,0,"{'commuter_decisions': 0.00418451080074558, 'provider_offers': 0.00023761352935394684, 'marketplace_update': 3.1242122897854097e-06, 'blockchain_operations': 0.02100502825402594}"
48,4,184,0,0,184,0,0,"{'commuter_decisions': 0.004157598557010774, 'provider_offers': 0.00023753258489793346, 'marketplace_update': 3.124052478421119e-06, 'blockchain_operations': 0.02086971805941674}"
48,4,184,0,0,184,0,0,"{'commuter_decisions': 0.004131025228744898, 'provider_offers': 0.0002374450365702311, 'marketplace_update': 3.1177814190204326e-06, 'blockchain_operations': 0.02073614261089227}"
48,4,184,0,0,184,0,0,"{'commuter_decisions': 0.004104794969983921, 'provider_offers': 0.00023737227081493207, 'marketplace_update': 3.1100716560509556e-06, 'blockchain_operations': 0.020604262686079476}"
48,4,184,0,0,184,0,0,"{'commuter_decisions': 0.004078898248793204, 'provider_offers': 0.00023729439023174818, 'marketplace_update': 3.1024594850178006e-06, 'blockchain_operations': 0.02047405212740355}"
48,4,184,0,0,184,0,0,"{'commuter_decisions': 0.00405331977508353, 'provider_offers': 0.00023717400412889397, 'marketplace_update': 3.0934435766448013e-06, 'blockchain_operations': 0.020345479437390214}"
48,4,184,0,0,184,0,0,"{'commuter_decisions': 0.004028066992759705, 'provider_offers': 0.00023710429668426513, 'marketplace_update': 3.0860304832458495e-06, 'blockchain_operations': 0.020218515396118165}"
48,4,184,0,0,184,0,0,"{'commuter_decisions': 0.0040031353138988805, 'provider_offers': 0.00023736272539411272, 'marketplace_update': 3.080190338703416e-06, 'blockchain_operations': 0.02009315224167723}"
48,4,184,0,0,184,0,0,"{'commuter_decisions': 0.003978505546664015, 'provider_offers': 0.00023736041269184632, 'marketplace_update': 3.080309173207224e-06, 'blockchain_operations': 0.019969317648145888}"
48,4,184,0,0,184,0,0,"{'commuter_decisions': 0.003954176522471422, 'provider_offers': 0.0002372981580488521, 'marketplace_update': 3.0745757869416218e-06, 'blockchain_operations': 0.019846996646717283}"
48,4,184,0,0,184,0,0,"{'commuter_decisions': 0.003930145647467636, 'provider_offers': 0.0002371785117358696, 'marketplace_update': 3.068912320020722e-06, 'blockchain_operations': 0.01972617317990559}"
48,4,184,0,0,184,0,0,"{'commuter_decisions': 0.0039063988309918024, 'provider_offers': 0.00023708632498076467, 'marketplace_update': 3.057537656841856e-06, 'blockchain_operations': 0.019606808460119998}"
48,4,184,0,0,184,0,0,"{'commuter_decisions': 0.003882943865764572, 'provider_offers': 0.00023691769105842314, 'marketplace_update': 3.0448637812970634e-06, 'blockchain_operations': 0.019488887614514453}"
48,4,184,0,0,184,0,0,"{'commuter_decisions': 0.0038597755089491426, 'provider_offers': 0.00023682245951212809, 'marketplace_update': 3.0394799695043505e-06, 'blockchain_operations': 0.01937241468600884}"
48,4,184,0,0,184,0,0,"{'commuter_decisions': 0.0038368900616963706, 'provider_offers': 0.00023668011029561362, 'marketplace_update': 3.0341602507091704e-06, 'blockchain_operations': 0.019257304214295886}"
48,4,184,0,0,184,0,0,"{'commuter_decisions': 0.0038142641620523125, 'provider_offers': 0.00023652110579451161, 'marketplace_update': 3.0232604438736595e-06, 'blockchain_operations': 0.01914354471059946}"
48,4,184,0,0,184,0,0,"{'commuter_decisions': 0.0037919044494628905, 'provider_offers': 0.00023692916421329274, 'marketplace_update': 3.0180987189797793e-06, 'blockchain_operations': 0.019031123554005342}"
48,4,184,0,0,184,0,0,"{'commuter_decisions': 0.0037698118310225638, 'provider_offers': 0.00023702292414436564, 'marketplace_update': 3.006026061654788e-06, 'blockchain_operations': 0.01892002981308608}"
48,4,184,0,0,184,0,0,"{'commuter_decisions': 0.003747970558876215, 'provider_offers': 0.00023684113524680915, 'marketplace_update': 3.001024556714435e-06, 'blockchain_operations': 0.01881020983984304}"
48,4,184,0,0,184,0,0,"{'commuter_decisions': 0.003726374896275515, 'provider_offers': 0.000236773077463139, 'marketplace_update': 2.994702730564713e-06, 'blockchain_operations': 0.018701664974234696}"
48,4,184,0,0,184,0,0,"{'commuter_decisions': 0.003705085008993916, 'provider_offers': 0.00023688393077631108, 'marketplace_update': 2.995304677678251e-06, 'blockchain_operations': 0.01859437460186838}"
48,4,184,0,0,184,0,0,"{'commuter_decisions': 0.003684004374912807, 'provider_offers': 0.0002369758061000279, 'marketplace_update': 2.990450177873884e-06, 'blockchain_operations': 0.018488407135009766}"
48,4,184,0,0,184,0,0,"{'commuter_decisions': 0.003663145683028481, 'provider_offers': 0.0002367997711355036, 'marketplace_update': 2.9788775877519087e-06, 'blockchain_operations': 0.01838357611136003}"
48,4,184,0,0,184,0,0,"{'commuter_decisions': 0.0036425172945873884, 'provider_offers': 0.00023659743831656074, 'marketplace_update': 2.974170749470339e-06, 'blockchain_operations': 0.018279894597112795}"
48,4,184,0,0,184,0,0,"{'commuter_decisions': 0.0036221273829427996, 'provider_offers': 0.00023639068174897954, 'marketplace_update': 2.969516797012158e-06, 'blockchain_operations': 0.0181773780436998}"
48,4,184,0,0,184,0,0,"{'commuter_decisions': 0.0036019639595926806, 'provider_offers': 0.0002363220939423119, 'marketplace_update': 2.9582551071763705e-06, 'blockchain_operations': 0.018076030901690434}"
48,4,184,0,0,184,0,0,"{'commuter_decisions': 0.0035820192760891386, 'provider_offers': 0.00023627148734198675, 'marketplace_update': 2.9510921902126737e-06, 'blockchain_operations': 0.01797578599717882}"
48,4,184,0,0,184,0,0,"{'commuter_decisions': 0.003562321320423105, 'provider_offers': 0.0002361819230390517, 'marketplace_update': 2.9453256512215126e-06, 'blockchain_operations': 0.01787671594988575}"
48,4,184,0,0,184,0,0,"{'commuter_decisions': 0.003542818865933261, 'provider_offers': 0.00023609334295922584, 'marketplace_update': 2.939622480790694e-06, 'blockchain_operations': 0.017778669084821428}"
48,4,184,0,0,184,0,0,"{'commuter_decisions': 0.0035235243416874788, 'provider_offers': 0.0002360109423027664, 'marketplace_update': 2.9352844738569415e-06, 'blockchain_operations': 0.01768168725602614}"
48,4,184,0,0,184,0,0,"{'commuter_decisions': 0.0035044447235439134, 'provider_offers': 0.0002360007037287173, 'marketplace_update': 2.9296978660251782e-06, 'blockchain_operations': 0.01758575957754384}"
48,4,184,0,0,184,0,0,"{'commuter_decisions': 0.003485567505295212, 'provider_offers': 0.0002359209833918391, 'marketplace_update': 2.9241716539537585e-06, 'blockchain_operations': 0.01749089086377943}"
48,4,184,0,0,184,0,0,"{'commuter_decisions': 0.003466891986067577, 'provider_offers': 0.00023587801123178134, 'marketplace_update': 2.9199866838352656e-06, 'blockchain_operations': 0.017397025580047278}"
49,4,184,0,0,184,0,0,"{'commuter_decisions': 0.0034685772370527134, 'provider_offers': 0.00023642963266627673, 'marketplace_update': 2.926046198064631e-06, 'blockchain_operations': 0.017304185877509294}"
49,4,184,0,0,184,0,0,"{'commuter_decisions': 0.0034503289993773117, 'provider_offers': 0.00023656195782600564, 'marketplace_update': 2.930773065445271e-06, 'blockchain_operations': 0.017624609013821218}"
49,4,186,0,0,186,0,0,"{'commuter_decisions': 0.0034321843000946852, 'provider_offers': 0.000236607102489976, 'marketplace_update': 2.9316654911747684e-06, 'blockchain_operations': 0.017531557688637386}"
49,4,186,0,0,186,0,0,"{'commuter_decisions': 0.0034141829139307926, 'provider_offers': 0.0002365714625308388, 'marketplace_update': 2.9275291844418174e-06, 'blockchain_operations': 0.01743944946088289}"
49,4,186,0,0,186,0,0,"{'commuter_decisions': 0.0033963650308978495, 'provider_offers': 0.00023650998220393796, 'marketplace_update': 2.923436189821253e-06, 'blockchain_operations': 0.01734830571718865}"
49,4,186,0,0,186,0,0,"{'commuter_decisions': 0.0033787389596303305, 'provider_offers': 0.00023647025227546692, 'marketplace_update': 2.9181440671284995e-06, 'blockchain_operations': 0.017258116354544956}"
49,4,186,0,0,186,0,0,"{'commuter_decisions': 0.003361295541951076, 'provider_offers': 0.00023638893285563573, 'marketplace_update': 2.914142114510808e-06, 'blockchain_operations': 0.0171688615966955}"
49,4,186,0,0,186,0,0,"{'commuter_decisions': 0.003344031953320061, 'provider_offers': 0.00023631090970383477, 'marketplace_update': 2.9077234956407054e-06, 'blockchain_operations': 0.01708052699098882}"
49,4,186,0,0,186,0,0,"{'commuter_decisions': 0.0033269442044771636, 'provider_offers': 0.0002362373547676282, 'marketplace_update': 2.9038160275190303e-06, 'blockchain_operations': 0.016993093490600585}"
50,4,186,0,0,186,0,0,"{'commuter_decisions': 0.003503445459871876, 'provider_offers': 0.00023641026749902843, 'marketplace_update': 2.914545487384407e-06, 'blockchain_operations': 0.01690655703447303}"
50,4,186,0,0,186,0,0,"{'commuter_decisions': 0.00348582364580958, 'provider_offers': 0.00023647492307091728, 'marketplace_update': 2.930007005100928e-06, 'blockchain_operations': 0.017206126663285463}"
50,4,188,0,0,188,0,0,"{'commuter_decisions': 0.003468335276902324, 'provider_offers': 0.00023642694107209794, 'marketplace_update': 2.935679271967724e-06, 'blockchain_operations': 0.017119454615043873}"
50,4,188,0,0,188,0,0,"{'commuter_decisions': 0.003450965162497669, 'provider_offers': 0.00023625843488990362, 'marketplace_update': 2.931709864630771e-06, 'blockchain_operations': 0.017033614105914707}"
50,4,188,0,0,188,0,0,"{'commuter_decisions': 0.0034337759017944334, 'provider_offers': 0.00023607254028320312, 'marketplace_update': 2.9265880584716798e-06, 'blockchain_operations': 0.016948624849319457}"
50,4,188,0,0,188,0,0,"{'commuter_decisions': 0.0034167517477007056, 'provider_offers': 0.00023588730921199666, 'marketplace_update': 2.9227033776430347e-06, 'blockchain_operations': 0.016864487187779366}"
50,4,188,0,0,188,0,0,"{'commuter_decisions': 0.0033999008707480856, 'provider_offers': 0.00023604737650049796, 'marketplace_update': 2.9235783189830213e-06, 'blockchain_operations': 0.01678117785123315}"
50,4,188,0,0,188,0,0,"{'commuter_decisions': 0.0033832171867633687, 'provider_offers': 0.00023626341608357548, 'marketplace_update': 2.917397785656558e-06, 'blockchain_operations': 0.016698689296327788}"
50,4,188,0,0,188,0,0,"{'commuter_decisions': 0.003366691224715289, 'provider_offers': 0.00023640955195707434, 'marketplace_update': 2.9182901569441253e-06, 'blockchain_operations': 0.016617009452745028}"
50,4,188,0,0,188,0,0,"{'commuter_decisions': 0.0033503264915652393, 'provider_offers': 0.00023622280213891005, 'marketplace_update': 2.9180108047113184e-06, 'blockchain_operations': 0.01653612648568502}"
50,4,188,0,0,188,0,0,"{'commuter_decisions': 0.0033341264261782747, 'provider_offers': 0.00023609110452596423, 'marketplace_update': 2.9142620494064776e-06, 'blockchain_operations': 0.01645602763277813}"
50,4,188,0,0,188,0,0,"{'commuter_decisions': 0.0033180805796010483, 'provider_offers': 0.0002359952327709843, 'marketplace_update': 2.9151566362611338e-06, 'blockchain_operations': 0.016376709592515144}"
50,4,188,0,0,188,0,0,"{'commuter_decisions': 0.0033021913124964787, 'provider_offers': 0.00023581202213580793, 'marketplace_update': 2.9114576486440806e-06, 'blockchain_operations': 0.01629814849450038}"
50,4,188,0,0,188,0,0,"{'commuter_decisions': 0.0032864540957948237, 'provider_offers': 0.00023563512774745814, 'marketplace_update': 2.907794058037717e-06, 'blockchain_operations': 0.016220339177327864}"
50,4,188,0,0,188,0,0,"{'commuter_decisions': 0.0032708622160412017, 'provider_offers': 0.00023544515882219588, 'marketplace_update': 2.904165358770461e-06, 'blockchain_operations': 0.016143270901271274}"
50,4,188,0,0,188,0,0,"{'commuter_decisions': 0.003255416996671125, 'provider_offers': 0.0002352671600631063, 'marketplace_update': 2.8994411088844046e-06, 'blockchain_operations': 0.016066934260146878}"
50,4,188,0,0,188,0,0,"{'commuter_decisions': 0.0032401174869177477, 'provider_offers': 0.00023508296822601893, 'marketplace_update': 2.8947614273934995e-06, 'blockchain_operations': 0.01599131665139828}"
50,4,188,0,0,188,0,0,"{'commuter_decisions': 0.003224960515196894, 'provider_offers': 0.0002349049832339578, 'marketplace_update': 2.8912450226259904e-06, 'blockchain_operations': 0.015916409067144976}"
50,4,188,0,0,188,0,0,"{'commuter_decisions': 0.003209946311522867, 'provider_offers': 0.00023473200396956684, 'marketplace_update': 2.887761481454439e-06, 'blockchain_operations': 0.015842202667878055}"
50,4,188,0,0,188,0,0,"{'commuter_decisions': 0.0031950717748597613, 'provider_offers': 0.00023456617843273074, 'marketplace_update': 2.883201421693314e-06, 'blockchain_operations': 0.015768686560697333}"
50,4,188,0,0,188,0,0,"{'commuter_decisions': 0.00318033496538798, 'provider_offers': 0.00023437429357458045, 'marketplace_update': 2.877579794989692e-06, 'blockchain_operations': 0.01569585115821273}"
50,4,188,0,0,188,0,0,"{'commuter_decisions': 0.003165739472560619, 'provider_offers': 0.00023429514625654792, 'marketplace_update': 2.872009980513753e-06, 'blockchain_operations': 0.015623684852353988}"
50,4,188,0,0,188,0,0,"{'commuter_decisions': 0.003151271321357937, 'provider_offers': 0.00023411501438245862, 'marketplace_update': 2.8632102756325257e-06, 'blockchain_operations': 0.015552182810022196}"
50,4,188,0,0,188,0,0,"{'commuter_decisions': 0.003136936388059294, 'provider_offers': 0.00023393652754831533, 'marketplace_update': 2.85557960266392e-06, 'blockchain_operations': 0.015481332665709056}"
50,4,188,0,0,188,0,0,"{'commuter_decisions': 0.003122732856056907, 'provider_offers': 0.00023382685401222923, 'marketplace_update': 2.8523531827059657e-06, 'blockchain_operations': 0.015411132032221013}"
50,4,188,0,0,188,0,0,"{'commuter_decisions': 0.0031086621780740727, 'provider_offers': 0.00023374514342433187, 'marketplace_update': 2.848077144018665e-06, 'blockchain_operations': 0.015341571013851942}"
50,4,188,0,0,188,0,0,"{'commuter_decisions': 0.003094713967125695, 'provider_offers': 0.00023434076223287497, 'marketplace_update': 2.8481354584565033e-06, 'blockchain_operations': 0.015272639893196724}"
50,4,188,0,0,188,0,0,"{'commuter_decisions': 0.0030808951288060758, 'provider_offers': 0.0002341954697407949, 'marketplace_update': 2.8428475418432947e-06, 'blockchain_operations': 0.01520431522831254}"
50,4,188,0,0,188,0,0,"{'commuter_decisions': 0.0030671943511281696, 'provider_offers': 0.0002340376377105713, 'marketplace_update': 2.839735576084682e-06, 'blockchain_operations': 0.015136600605079107}"
50,4,188,0,0,188,0,0,"{'commuter_decisions': 0.0030536153581407336, 'provider_offers': 0.00023386849297417535, 'marketplace_update': 2.835591634114583e-06, 'blockchain_operations': 0.015069486829969617}"
50,4,188,0,0,188,0,0,"{'commuter_decisions': 0.0030401618079801576, 'provider_offers': 0.00023398884629781267, 'marketplace_update': 2.8272645663371128e-06, 'blockchain_operations': 0.015002965927124023}"
50,4,188,0,0,188,0,0,"{'commuter_decisions': 0.00302682153979062, 'provider_offers': 0.00023386972066064237, 'marketplace_update': 2.8232120732378854e-06, 'blockchain_operations': 0.01493703321213239}"
50,4,188,0,0,188,0,0,"{'commuter_decisions': 0.003013602474279571, 'provider_offers': 0.00023371817772848563, 'marketplace_update': 2.818149432801364e-06, 'blockchain_operations': 0.014871677808594285}"
50,4,188,0,0,188,0,0,"{'commuter_decisions': 0.0030004957357348313, 'provider_offers': 0.00023354921799039217, 'marketplace_update': 2.814172136731543e-06, 'blockchain_operations': 0.014806887988960899}"
50,4,188,0,0,188,0,0,"{'commuter_decisions': 0.0029875008956245755, 'provider_offers': 0.0002334128255429475, 'marketplace_update': 2.8102294258449388e-06, 'blockchain_operations': 0.014742667778678562}"
50,4,188,0,0,188,0,0,"{'commuter_decisions': 0.0029746195970675646, 'provider_offers': 0.00023326832494694434, 'marketplace_update': 2.807352966044372e-06, 'blockchain_operations': 0.014679001523302747}"
50,4,188,0,0,188,0,0,"{'commuter_decisions': 0.002961853454852926, 'provider_offers': 0.00023310759971881736, 'marketplace_update': 2.803473637021821e-06, 'blockchain_operations': 0.014615882059623456}"
50,4,188,0,0,188,0,0,"{'commuter_decisions': 0.0029491979165138607, 'provider_offers': 0.00023295644015201684, 'marketplace_update': 2.8006508626651356e-06, 'blockchain_operations': 0.014553307463682772}"
50,4,188,0,0,188,0,0,"{'commuter_decisions': 0.002936645450755062, 'provider_offers': 0.00023279842148479234, 'marketplace_update': 2.796833331768329e-06, 'blockchain_operations': 0.014491268712231237}"
50,4,188,0,0,188,0,0,"{'commuter_decisions': 0.002924200829039229, 'provider_offers': 0.000232633631280128, 'marketplace_update': 2.7889901019157247e-06, 'blockchain_operations': 0.014429755921059467}"
50,4,188,0,0,188,0,0,"{'commuter_decisions': 0.0029118606599710757, 'provider_offers': 0.00023267834873522743, 'marketplace_update': 2.7852543329788467e-06, 'blockchain_operations': 0.014368765434976352}"
50,4,188,0,0,188,0,0,"{'commuter_decisions': 0.002899624627350755, 'provider_offers': 0.00023260700048776618, 'marketplace_update': 2.7825560750840585e-06, 'blockchain_operations': 0.014308289636539507}"
50,4,188,0,0,188,0,0,"{'commuter_decisions': 0.0028874904167752306, 'provider_offers': 0.00023246212165896633, 'marketplace_update': 2.779880491625361e-06, 'blockchain_operations': 0.014248323039848264}"
50,4,188,0,0,188,0,0,"{'commuter_decisions': 0.0028754577477107988, 'provider_offers': 0.0002323693311364082, 'marketplace_update': 2.7802199998161284e-06, 'blockchain_operations': 0.014188857258114355}"
50,4,188,0,0,188,0,0,"{'commuter_decisions': 0.002863531311353048, 'provider_offers': 0.00023226340611775715, 'marketplace_update': 2.777576446533203e-06, 'blockchain_operations': 0.014129887024561564}"
50,4,188,0,0,188,0,0,"{'commuter_decisions': 0.00285170384957088, 'provider_offers': 0.00023237897152722623, 'marketplace_update': 2.772976254031866e-06, 'blockchain_operations': 0.014071492238658098}"
50,4,188,0,0,188,0,0,"{'commuter_decisions': 0.0028399741354067465, 'provider_offers': 0.00023231131971375015, 'marketplace_update': 2.7684140796503743e-06, 'blockchain_operations': 0.014013499267830336}"
50,4,188,0,0,188,0,0,"{'commuter_decisions': 0.002828336056367851, 'provider_offers': 0.00023217554445619936, 'marketplace_update': 2.7638894540292247e-06, 'blockchain_operations': 0.013955977718525954}"
50,4,188,0,0,188,0,0,"{'commuter_decisions': 0.0028167933714194375, 'provider_offers': 0.00023203990498527153, 'marketplace_update': 2.7613561661517036e-06, 'blockchain_operations': 0.013898928634455947}"
50,4,188,0,0,188,0,0,"{'commuter_decisions': 0.0028053478318817763, 'provider_offers': 0.0002319063459123884, 'marketplace_update': 2.7578704211176656e-06, 'blockchain_operations': 0.013842346230331733}"
50,4,188,0,0,188,0,0,"{'commuter_decisions': 0.00279399243796744, 'provider_offers': 0.0002320200447144547, 'marketplace_update': 2.755382196690009e-06, 'blockchain_operations': 0.013786218999847165}"
50,4,188,0,0,188,0,0,"{'commuter_decisions': 0.002782729955819937, 'provider_offers': 0.00023198320798063085, 'marketplace_update': 2.7558098920443763e-06, 'blockchain_operations': 0.013730550101894116}"
50,4,188,0,0,188,0,0,"{'commuter_decisions': 0.002771557338776127, 'provider_offers': 0.0002318668750024611, 'marketplace_update': 2.7571955034809728e-06, 'blockchain_operations': 0.01367533399212745}"
50,4,188,0,0,188,0,0,"{'commuter_decisions': 0.002760475419132585, 'provider_offers': 0.00023173424134771508, 'marketplace_update': 2.753782463839734e-06, 'blockchain_operations': 0.013620561385250475}"
50,4,188,0,0,188,0,0,"{'commuter_decisions': 0.002749481201171875, 'provider_offers': 0.00023159503936767578, 'marketplace_update': 2.751350402832031e-06, 'blockchain_operations': 0.013566224098205567}"
